{
    "exact_memorization": 0.8886652259528637,
    "extraction_strength": 0.4678492698721962,
    "forget_Q_A_PARA_Prob": 0.15212653459981085,
    "forget_Q_A_gibberish": 0.9680191418528556,
    "forget_truth_ratio": 0.5683763134390205,
    "mia_loss": 0.98878125,
    "mia_min_k": 0.9897625000000001,
    "mia_min_k_plus_plus": 0.98905625,
    "mia_zlib": 0.96935,
    "model_utility": 0.02559219812579909
}