{
    "exact_memorization": 0.9770013952255249,
    "extraction_strength": 0.7633418505810223,
    "forget_Q_A_PARA_Prob": 0.10796053141588345,
    "forget_Q_A_gibberish": 0.8768642905540764,
    "forget_truth_ratio": 0.47526586149860933,
    "mia_loss": 0.9942812500000001,
    "mia_min_k": 0.99363125,
    "mia_min_k_plus_plus": 0.9529625,
    "mia_zlib": 0.98736875,
    "model_utility": 0.6270125477530516
}