{
    "exact_memorization": 0.9971844667196273,
    "extraction_strength": 0.9538379850831984,
    "forget_Q_A_PARA_Prob": 0.0675906838173978,
    "forget_Q_A_gibberish": 0.7884041484864429,
    "forget_truth_ratio": 0.47379866193406495,
    "mia_loss": 0.99951875,
    "mia_min_k": 0.99951875,
    "mia_min_k_plus_plus": 0.9983562500000001,
    "mia_zlib": 0.99971875,
    "model_utility": 0.6275641325758189
}