{
    "exact_memorization": 0.9974395413696766,
    "extraction_strength": 0.95918894662166,
    "forget_Q_A_PARA_Prob": 0.0677667518495582,
    "forget_Q_A_gibberish": 0.8139992966642603,
    "forget_truth_ratio": 0.4736553717143294,
    "mia_loss": 0.99955,
    "mia_min_k": 0.99955,
    "mia_min_k_plus_plus": 0.998675,
    "mia_zlib": 0.99975,
    "model_utility": 0.627660583096276
}