{
    "exact_memorization": 0.39531987251713874,
    "extraction_strength": 0.03930302632403142,
    "forget_Q_A_PARA_Prob": 0.017494374119269195,
    "forget_Q_A_gibberish": 0.7532286129021668,
    "forget_truth_ratio": 0.6630869375465389,
    "mia_loss": 0.5865125,
    "mia_min_k": 0.6315,
    "mia_min_k_plus_plus": 0.59604375,
    "mia_zlib": 0.458175,
    "model_utility": 0.0
}