{
    "forget_knowmem_ROUGE": 0.4570975567260397,
    "forget_verbmem_ROUGE": 0.24087410990721436,
    "retain_knowmem_ROUGE": 0.4280439403538552
}