{
    "exact_memorization": 0.9983392949402332,
    "extraction_strength": 0.9789440160652491,
    "forget_Q_A_PARA_Prob": 0.07462711381260306,
    "forget_Q_A_gibberish": 0.8634899342618882,
    "forget_truth_ratio": 0.4781197638522749,
    "mia_loss": 0.99944375,
    "mia_min_k": 0.9994562499999999,
    "mia_min_k_plus_plus": 0.9988874999999999,
    "mia_zlib": 0.99975625,
    "model_utility": 0.6280208272877139
}