{
    "exact_memorization": 0.9758294346928597,
    "extraction_strength": 0.6890328968304169,
    "forget_Q_A_PARA_Prob": 0.05154036404157523,
    "forget_Q_A_gibberish": 0.8740717934258282,
    "forget_truth_ratio": 0.48397596490631506,
    "mia_loss": 0.997575,
    "mia_min_k": 0.99760625,
    "mia_min_k_plus_plus": 0.9971,
    "mia_zlib": 0.99779375,
    "model_utility": 0.6585840443112954
}