{
    "exact_memorization": 0.9987191699445248,
    "extraction_strength": 0.9833374812470208,
    "forget_Q_A_PARA_Prob": 0.06216684027342126,
    "forget_Q_A_gibberish": 0.8642508090101182,
    "forget_truth_ratio": 0.4764101133274741,
    "mia_loss": 0.99951875,
    "mia_min_k": 0.9995375,
    "mia_min_k_plus_plus": 0.9986875000000001,
    "mia_zlib": 0.9997687500000001,
    "model_utility": 0.6385619565478987
}