{
    "forget_knowmem_ROUGE": 0.14196024432054224,
    "forget_verbmem_ROUGE": 0.10798147377324924,
    "retain_knowmem_ROUGE": 0.11202095481429197
}