{
    "exact_memorization": 0.4552395297586918,
    "extraction_strength": 0.03276702714112712,
    "forget_Q_A_PARA_Prob": 0.005680462573873228,
    "forget_Q_A_gibberish": 0.722379991086782,
    "forget_truth_ratio": 0.5505357690803521,
    "mia_loss": 0.63634375,
    "mia_min_k": 0.64749375,
    "mia_min_k_plus_plus": 0.5175749999999999,
    "mia_zlib": 0.4957625,
    "model_utility": 0.13177118000324478
}