{
    "extraction_strength": 0.07380952380952381,
    "forget_knowmem_ROUGE": 0.4400614320320203,
    "forget_verbmem_ROUGE": 0.3093972884269991,
    "privleak": -72.89999998541998,
    "retain_knowmem_ROUGE": 0.45224745585955267
}