{
    "exact_memorization": 0.383436796143651,
    "extraction_strength": 0.03270123766744291,
    "forget_Q_A_PARA_Prob": 0.004774002571848541,
    "forget_Q_A_gibberish": 0.602442128524417,
    "forget_truth_ratio": 0.5794535108529786,
    "mia_loss": 0.5701624999999999,
    "mia_min_k": 0.58301875,
    "mia_min_k_plus_plus": 0.5470625,
    "mia_zlib": 0.4425812499999999,
    "model_utility": 0.08371034887223576
}