{
    "exact_memorization": 0.39665831450372935,
    "extraction_strength": 0.03288966307493327,
    "forget_Q_A_PARA_Prob": 0.006903588073400897,
    "forget_Q_A_gibberish": 0.7006843656397541,
    "forget_truth_ratio": 0.5976218384507631,
    "mia_loss": 0.5504125,
    "mia_min_k": 0.57015,
    "mia_min_k_plus_plus": 0.5451375,
    "mia_zlib": 0.43485,
    "model_utility": 0.10948632629679274
}