{
    "exact_memorization": 0.9342143163084984,
    "extraction_strength": 0.6922799209848242,
    "forget_Q_A_PARA_Prob": 0.15428681284654885,
    "forget_Q_A_gibberish": 0.9608240003883839,
    "forget_truth_ratio": 0.5437994559878513,
    "mia_loss": 0.99655625,
    "mia_min_k": 0.9967375,
    "mia_min_k_plus_plus": 0.9956750000000001,
    "mia_zlib": 0.99256875,
    "model_utility": 0.13170837585227346
}