{
    "exact_memorization": 0.45519575409591195,
    "extraction_strength": 0.03276702714112712,
    "forget_Q_A_PARA_Prob": 0.005697665040406719,
    "forget_Q_A_gibberish": 0.7229240437762928,
    "forget_truth_ratio": 0.550628621903899,
    "mia_loss": 0.6367749999999999,
    "mia_min_k": 0.6482375,
    "mia_min_k_plus_plus": 0.51786875,
    "mia_zlib": 0.49604375,
    "model_utility": 0.1318483535057443
}