{
    "exact_memorization": 0.3258838227763772,
    "extraction_strength": 0.03532391801645374,
    "forget_Q_A_PARA_Prob": 0.010438767992891371,
    "forget_Q_A_gibberish": 0.6651017459022114,
    "forget_truth_ratio": 0.6970662308342273,
    "mia_loss": 0.55351875,
    "mia_min_k": 0.5871124999999999,
    "mia_min_k_plus_plus": 0.5707187499999999,
    "mia_zlib": 0.41161875000000003,
    "model_utility": 0.0
}