{
    "exact_memorization": 0.9851480650901795,
    "extraction_strength": 0.8527264509264549,
    "forget_Q_A_PARA_Prob": 0.10711189476307481,
    "forget_Q_A_gibberish": 0.8720844477415085,
    "forget_truth_ratio": 0.47515141324332855,
    "mia_loss": 0.99598125,
    "mia_min_k": 0.9956312500000001,
    "mia_min_k_plus_plus": 0.97760625,
    "mia_zlib": 0.9894187500000001,
    "model_utility": 0.627364731891616
}