{
    "exact_memorization": 0.3443445927277207,
    "extraction_strength": 0.03275442915680461,
    "forget_Q_A_PARA_Prob": 0.0036691443606650864,
    "forget_Q_A_gibberish": 0.5776166039968667,
    "forget_truth_ratio": 0.6005412116940314,
    "mia_loss": 0.517575,
    "mia_min_k": 0.534325,
    "mia_min_k_plus_plus": 0.55419375,
    "mia_zlib": 0.41558749999999994,
    "model_utility": 0.05599409239585286
}