{
    "exact_memorization": 0.9979842376708984,
    "extraction_strength": 0.9745250566242842,
    "forget_Q_A_PARA_Prob": 0.09520313865505159,
    "forget_Q_A_gibberish": 0.8641224188171327,
    "forget_truth_ratio": 0.48890247626297906,
    "mia_loss": 0.998775,
    "mia_min_k": 0.9988125000000001,
    "mia_min_k_plus_plus": 0.9992937500000001,
    "mia_zlib": 0.9995,
    "model_utility": 0.6484078744508761
}