{
    "forget_knowmem_ROUGE": 0.32113191111720524,
    "forget_verbmem_ROUGE": 0.18947472773258614,
    "retain_knowmem_ROUGE": 0.41043039281124793
}