{
    "exact_memorization": 0.953479096442461,
    "extraction_strength": 0.556211596673852,
    "forget_Q_A_PARA_Prob": 0.1273927854653448,
    "forget_Q_A_gibberish": 0.8979892544820904,
    "forget_truth_ratio": 0.48586793515193366,
    "mia_loss": 0.9912000000000001,
    "mia_min_k": 0.9900625000000002,
    "mia_min_k_plus_plus": 0.9429000000000001,
    "mia_zlib": 0.98290625,
    "model_utility": 0.6114309588688536
}