{
    "extraction_strength": 0.23452380952380955,
    "forget_knowmem_ROUGE": 0.5837767389189383,
    "forget_verbmem_ROUGE": 0.4554623686229551,
    "privleak": -99.8740553946528,
    "retain_knowmem_ROUGE": 0.4336535168016997
}