{
    "exact_memorization": 0.03901207949733362,
    "extraction_strength": 0.03250892997513522,
    "forget_Q_A_PARA_Prob": 1.615697129366514e-44,
    "forget_Q_A_gibberish": 0.03807162538170814,
    "forget_truth_ratio": 1.9878932358547285e-34,
    "mia_loss": 0.49201875,
    "mia_min_k": 0.564803125,
    "mia_min_k_plus_plus": 0.5648,
    "mia_zlib": 0.368825,
    "model_utility": 0.0
}