{
    "exact_memorization": 0.05335526996292174,
    "extraction_strength": 0.03250892997513522,
    "forget_Q_A_PARA_Prob": 1.4428001074129795e-13,
    "forget_Q_A_gibberish": 0.03788429394364357,
    "forget_truth_ratio": 0.0005958961771823186,
    "mia_loss": 0.54490625,
    "mia_min_k": 0.6044875000000001,
    "mia_min_k_plus_plus": 0.5645249999999999,
    "mia_zlib": 0.38700625,
    "model_utility": 0.0
}