{
    "exact_memorization": 0.9618976248800755,
    "extraction_strength": 0.6635368856684011,
    "forget_Q_A_PARA_Prob": 0.049338393607758914,
    "forget_Q_A_gibberish": 0.8877461811015382,
    "forget_truth_ratio": 0.4647805029533296,
    "mia_loss": 0.96080625,
    "mia_min_k": 0.9587249999999999,
    "mia_min_k_plus_plus": 0.84445,
    "mia_zlib": 0.9484625,
    "model_utility": 0.6031588924095338
}