{
    "forget_knowmem_ROUGE": 0.3348139857218804,
    "forget_verbmem_ROUGE": 0.19299336044128038,
    "retain_knowmem_ROUGE": 0.29667969284563206
}