{
    "exact_memorization": 0.9983392949402332,
    "extraction_strength": 0.9789440160652491,
    "forget_Q_A_PARA_Prob": 0.06955379706574603,
    "forget_Q_A_gibberish": 0.8635000087879598,
    "forget_truth_ratio": 0.47561646076220626,
    "mia_loss": 0.99960625,
    "mia_min_k": 0.99960625,
    "mia_min_k_plus_plus": 0.9988062499999999,
    "mia_zlib": 0.9998125,
    "model_utility": 0.62835467941445
}