{
    "exact_memorization": 0.9681343780457974,
    "extraction_strength": 0.8523998353038337,
    "forget_Q_A_PARA_Prob": 0.1422211447544396,
    "forget_Q_A_gibberish": 0.9102038671076298,
    "forget_truth_ratio": 0.5229231601914023,
    "mia_loss": 0.9982625,
    "mia_min_k": 0.9983062500000001,
    "mia_min_k_plus_plus": 0.9983499999999998,
    "mia_zlib": 0.99849375,
    "model_utility": 0.6472030029864982
}