{
    "exact_memorization": 0.878165792375803,
    "extraction_strength": 0.31167150861972565,
    "forget_Q_A_PARA_Prob": 0.025297482638015935,
    "forget_Q_A_gibberish": 0.8922472394956276,
    "forget_truth_ratio": 0.44875968206838857,
    "mia_loss": 0.9092062500000001,
    "mia_min_k": 0.9063125000000001,
    "mia_min_k_plus_plus": 0.5452999999999999,
    "mia_zlib": 0.884825,
    "model_utility": 0.537128638747271
}