{
    "exact_memorization": 0.9334577842056752,
    "extraction_strength": 0.6837727261371882,
    "forget_Q_A_PARA_Prob": 0.15341460600961,
    "forget_Q_A_gibberish": 0.9502740208804608,
    "forget_truth_ratio": 0.5433306838523406,
    "mia_loss": 0.9966750000000001,
    "mia_min_k": 0.9968062500000001,
    "mia_min_k_plus_plus": 0.9956687500000001,
    "mia_zlib": 0.99208125,
    "model_utility": 0.04304030783541811
}