{
    "exact_memorization": 0.9980842377245426,
    "extraction_strength": 0.9746250566242841,
    "forget_Q_A_PARA_Prob": 0.09480066761141642,
    "forget_Q_A_gibberish": 0.8641224188171327,
    "forget_truth_ratio": 0.48874950364543684,
    "mia_loss": 0.9988375,
    "mia_min_k": 0.9989,
    "mia_min_k_plus_plus": 0.9993000000000001,
    "mia_zlib": 0.999525,
    "model_utility": 0.6475032740688357
}