{
    "exact_memorization": 0.9982824768126011,
    "extraction_strength": 0.9765576524288855,
    "forget_Q_A_PARA_Prob": 0.06838938889442943,
    "forget_Q_A_gibberish": 0.8635000087879598,
    "forget_truth_ratio": 0.4743308290322865,
    "mia_loss": 0.99956875,
    "mia_min_k": 0.9995750000000001,
    "mia_min_k_plus_plus": 0.99875,
    "mia_zlib": 0.9998,
    "model_utility": 0.6266465763881092
}