{
    "exact_memorization": 0.4575836283713579,
    "extraction_strength": 0.03276702714112712,
    "forget_Q_A_PARA_Prob": 0.005906189828492643,
    "forget_Q_A_gibberish": 0.722936278882844,
    "forget_truth_ratio": 0.550643050751143,
    "mia_loss": 0.6398874999999999,
    "mia_min_k": 0.6516812500000001,
    "mia_min_k_plus_plus": 0.5172874999999999,
    "mia_zlib": 0.49830625000000006,
    "model_utility": 0.13659888960070846
}