{
    "forget_knowmem_ROUGE": 0.3892346206425153,
    "forget_verbmem_ROUGE": 0.2108442708516297,
    "retain_knowmem_ROUGE": 0.3515340304869447
}