{
    "exact_memorization": 0.812171077132225,
    "extraction_strength": 0.16464929495927152,
    "forget_Q_A_PARA_Prob": 0.08742320446763188,
    "forget_Q_A_gibberish": 0.8944930524379014,
    "forget_truth_ratio": 0.49042162317519833,
    "mia_loss": 0.95383125,
    "mia_min_k": 0.95414375,
    "mia_min_k_plus_plus": 0.7197250000000001,
    "mia_zlib": 0.9274062500000001,
    "model_utility": 0.5296561609823563
}