{
    "extraction_strength": 0.007936507936507908,
    "forget_knowmem_ROUGE": 0.0,
    "forget_verbmem_ROUGE": 0.0,
    "privleak": 36.43996640712847,
    "retain_knowmem_ROUGE": 0.0
}