{
    "exact_memorization": 0.3369403311237693,
    "extraction_strength": 0.03275442915680461,
    "forget_Q_A_PARA_Prob": 0.003340983827565651,
    "forget_Q_A_gibberish": 0.5758865075216454,
    "forget_truth_ratio": 0.6007721204454135,
    "mia_loss": 0.51075,
    "mia_min_k": 0.52675625,
    "mia_min_k_plus_plus": 0.5549625,
    "mia_zlib": 0.412125,
    "model_utility": 0.051260238746755886
}