{
    "exact_memorization": 0.47662666015326977,
    "extraction_strength": 0.04734036091502459,
    "forget_Q_A_PARA_Prob": 0.017934953761466657,
    "forget_Q_A_gibberish": 0.8940061410143971,
    "forget_truth_ratio": 0.5494090082869323,
    "mia_loss": 0.04515625,
    "mia_min_k": 0.03943125,
    "mia_min_k_plus_plus": 0.12651875,
    "mia_zlib": 0.025274999999999992,
    "model_utility": 0.6542362098876994
}