{
    "exact_memorization": 0.9727009733021259,
    "extraction_strength": 0.8567889443330305,
    "forget_Q_A_PARA_Prob": 0.14266325363889337,
    "forget_Q_A_gibberish": 0.9025722794234753,
    "forget_truth_ratio": 0.5227433913891807,
    "mia_loss": 0.99824375,
    "mia_min_k": 0.998275,
    "mia_min_k_plus_plus": 0.9983375,
    "mia_zlib": 0.9985062499999999,
    "model_utility": 0.6572389042867711
}