{
    "exact_memorization": 0.9967471592128276,
    "extraction_strength": 0.9620985978035819,
    "forget_Q_A_PARA_Prob": 0.07265828401781618,
    "forget_Q_A_gibberish": 0.8642595023289323,
    "forget_truth_ratio": 0.4739773891549129,
    "mia_loss": 0.99931875,
    "mia_min_k": 0.999325,
    "mia_min_k_plus_plus": 0.9961249999999999,
    "mia_zlib": 0.99956875,
    "model_utility": 0.6287921459966044
}