{
    "forget_knowmem_ROUGE": 0.3514934213197102,
    "forget_verbmem_ROUGE": 0.19578664834330223,
    "retain_knowmem_ROUGE": 0.4106349309187544
}