{
    "forget_knowmem_ROUGE": 0.4256140142374262,
    "forget_verbmem_ROUGE": 0.2325648217120076,
    "retain_knowmem_ROUGE": 0.3978882411398396
}