{
    "exact_memorization": 0.7671510130167007,
    "extraction_strength": 0.10862770993320632,
    "forget_Q_A_PARA_Prob": 0.04383718713012058,
    "forget_Q_A_gibberish": 0.8804521820880473,
    "forget_truth_ratio": 0.5635702881387655,
    "mia_loss": 0.8856062499999999,
    "mia_min_k": 0.8860375,
    "mia_min_k_plus_plus": 0.78760625,
    "mia_zlib": 0.8347875,
    "model_utility": 0.620506846251016
}