{
    "exact_memorization": 0.9905830001831055,
    "extraction_strength": 0.900214624902636,
    "forget_Q_A_PARA_Prob": 0.08001716553815641,
    "forget_Q_A_gibberish": 0.8734992980584502,
    "forget_truth_ratio": 0.4718349581213593,
    "mia_loss": 0.9975875,
    "mia_min_k": 0.99760625,
    "mia_min_k_plus_plus": 0.9755875,
    "mia_zlib": 0.99293125,
    "model_utility": 0.6287235887489054
}