{
    "exact_memorization": 0.9264719574153424,
    "extraction_strength": 0.40272709114680766,
    "forget_Q_A_PARA_Prob": 0.04875569857598748,
    "forget_Q_A_gibberish": 0.8846603430178948,
    "forget_truth_ratio": 0.49032347281458377,
    "mia_loss": 0.9950437500000001,
    "mia_min_k": 0.9953687499999999,
    "mia_min_k_plus_plus": 0.9801875,
    "mia_zlib": 0.99663125,
    "model_utility": 0.6449007884439145
}