{
    "exact_memorization": 0.984894308745861,
    "extraction_strength": 0.8524050562197631,
    "forget_Q_A_PARA_Prob": 0.10696110377786681,
    "forget_Q_A_gibberish": 0.8719182053953409,
    "forget_truth_ratio": 0.47504222415452174,
    "mia_loss": 0.9960375000000001,
    "mia_min_k": 0.9956812500000002,
    "mia_min_k_plus_plus": 0.9770062500000001,
    "mia_zlib": 0.98954375,
    "model_utility": 0.626067071303486
}