{
    "exact_memorization": 0.6001745164394379,
    "extraction_strength": 0.08362334473364516,
    "forget_Q_A_PARA_Prob": 0.0005023415630956091,
    "forget_Q_A_gibberish": 0.16940135407014167,
    "forget_truth_ratio": 0.34342366707516403,
    "mia_loss": 0.7537562499999999,
    "mia_min_k": 0.7012499999999999,
    "mia_min_k_plus_plus": 0.5175875000000001,
    "mia_zlib": 0.64500625,
    "model_utility": 0.13674474779885132
}