{
    "exact_memorization": 0.9979280596971511,
    "extraction_strength": 0.9729684980171207,
    "forget_Q_A_PARA_Prob": 0.06943171236780472,
    "forget_Q_A_gibberish": 0.8638853195868432,
    "forget_truth_ratio": 0.474135699158105,
    "mia_loss": 0.99950625,
    "mia_min_k": 0.9995125,
    "mia_min_k_plus_plus": 0.9983562500000001,
    "mia_zlib": 0.99976875,
    "model_utility": 0.6262206609423941
}