{
    "exact_memorization": 0.9879156586527824,
    "extraction_strength": 0.8739786408827412,
    "forget_Q_A_PARA_Prob": 0.08364453553454951,
    "forget_Q_A_gibberish": 0.873649550192058,
    "forget_truth_ratio": 0.4708991449572196,
    "mia_loss": 0.99575,
    "mia_min_k": 0.99534375,
    "mia_min_k_plus_plus": 0.9595625,
    "mia_zlib": 0.9897499999999999,
    "model_utility": 0.6295383258305923
}