{
    "forget_knowmem_ROUGE": 0.5329171978692101,
    "forget_verbmem_ROUGE": 0.33877938567658794,
    "retain_knowmem_ROUGE": 0.5055944902517568
}