{
    "exact_memorization": 0.9973254317045211,
    "extraction_strength": 0.9577284279736412,
    "forget_Q_A_PARA_Prob": 0.06673020267742685,
    "forget_Q_A_gibberish": 0.8604504857491702,
    "forget_truth_ratio": 0.47438630363545253,
    "mia_loss": 0.9994937500000001,
    "mia_min_k": 0.9994937500000001,
    "mia_min_k_plus_plus": 0.99868125,
    "mia_zlib": 0.9997375000000001,
    "model_utility": 0.6255206083547449
}