{
    "exact_memorization": 0.9610419571399689,
    "extraction_strength": 0.6340338907737143,
    "forget_Q_A_PARA_Prob": 0.10901193178724497,
    "forget_Q_A_gibberish": 0.8981374192424119,
    "forget_truth_ratio": 0.4762497442656254,
    "mia_loss": 0.9856250000000001,
    "mia_min_k": 0.9847625,
    "mia_min_k_plus_plus": 0.9297,
    "mia_zlib": 0.9761562500000001,
    "model_utility": 0.6223860334112679
}