{
    "exact_memorization": 0.4718033277615905,
    "extraction_strength": 0.03289860608849554,
    "forget_Q_A_PARA_Prob": 0.00715163238633977,
    "forget_Q_A_gibberish": 0.770117915183655,
    "forget_truth_ratio": 0.5510330263604408,
    "mia_loss": 0.6524375,
    "mia_min_k": 0.6668062499999999,
    "mia_min_k_plus_plus": 0.51783125,
    "mia_zlib": 0.508375,
    "model_utility": 0.15893409024456395
}