{
    "exact_memorization": 0.9957222159206868,
    "extraction_strength": 0.9654568741969106,
    "forget_Q_A_PARA_Prob": 0.11916232506511733,
    "forget_Q_A_gibberish": 0.8650588542968035,
    "forget_truth_ratio": 0.5029267329376491,
    "mia_loss": 0.9986,
    "mia_min_k": 0.9986375000000001,
    "mia_min_k_plus_plus": 0.9995375,
    "mia_zlib": 0.99940625,
    "model_utility": 0.665672413496208
}