{
    "forget_knowmem_ROUGE": 0.5000456086740916,
    "forget_verbmem_ROUGE": 0.2895137345640192,
    "retain_knowmem_ROUGE": 0.4939327496934645
}