{
    "exact_memorization": 0.9542348118126392,
    "extraction_strength": 0.6165808292253842,
    "forget_Q_A_PARA_Prob": 0.05551425750833005,
    "forget_Q_A_gibberish": 0.893573261173442,
    "forget_truth_ratio": 0.4620818906703933,
    "mia_loss": 0.9577937500000001,
    "mia_min_k": 0.9559124999999999,
    "mia_min_k_plus_plus": 0.8361875000000001,
    "mia_zlib": 0.945725,
    "model_utility": 0.602378233548154
}