{
    "exact_memorization": 0.9980674026906491,
    "extraction_strength": 0.9757109152101426,
    "forget_Q_A_PARA_Prob": 0.09084562474163249,
    "forget_Q_A_gibberish": 0.864055308457464,
    "forget_truth_ratio": 0.4872634335701027,
    "mia_loss": 0.999,
    "mia_min_k": 0.9990124999999999,
    "mia_min_k_plus_plus": 0.9992,
    "mia_zlib": 0.99956875,
    "model_utility": 0.641177316805697
}