{
    "exact_memorization": 0.991522978246212,
    "extraction_strength": 0.9041242983318044,
    "forget_Q_A_PARA_Prob": 0.08650097908452153,
    "forget_Q_A_gibberish": 0.8732380383089184,
    "forget_truth_ratio": 0.4731717030923373,
    "mia_loss": 0.99805625,
    "mia_min_k": 0.998025,
    "mia_min_k_plus_plus": 0.98744375,
    "mia_zlib": 0.9949999999999999,
    "model_utility": 0.6291958136106229
}