{
    "exact_memorization": 0.996346864849329,
    "extraction_strength": 0.9646042507082577,
    "forget_Q_A_PARA_Prob": 0.11821240622317418,
    "forget_Q_A_gibberish": 0.8629081595502793,
    "forget_truth_ratio": 0.5018465199888318,
    "mia_loss": 0.9984500000000001,
    "mia_min_k": 0.9985,
    "mia_min_k_plus_plus": 0.99951875,
    "mia_zlib": 0.99933125,
    "model_utility": 0.6649833284942334
}