{
    "exact_memorization": 0.03901207949733362,
    "extraction_strength": 0.03250892997513522,
    "forget_Q_A_PARA_Prob": 0.0,
    "forget_Q_A_gibberish": 0.03807162538170814,
    "forget_truth_ratio": 1.3102448888024002e-43,
    "mia_loss": 0.496865625,
    "mia_min_k": 0.5727875,
    "mia_min_k_plus_plus": 0.5727875,
    "mia_zlib": 0.37034999999999996,
    "model_utility": 0.0
}