{
    "exact_memorization": 0.9670600417256355,
    "extraction_strength": 0.8485953954266813,
    "forget_Q_A_PARA_Prob": 0.14205072880722583,
    "forget_Q_A_gibberish": 0.9101404836773872,
    "forget_truth_ratio": 0.5226126850457521,
    "mia_loss": 0.99823125,
    "mia_min_k": 0.99826875,
    "mia_min_k_plus_plus": 0.9981875,
    "mia_zlib": 0.9984187499999999,
    "model_utility": 0.6448191940098136
}