{
    "forget_knowmem_ROUGE": 0.32035588388219965,
    "forget_verbmem_ROUGE": 0.2080838871940581,
    "retain_knowmem_ROUGE": 0.39854545533812485
}