{
    "exact_memorization": 0.995304808318615,
    "extraction_strength": 0.9172188377962448,
    "forget_Q_A_PARA_Prob": 0.06481777060194872,
    "forget_Q_A_gibberish": 0.8350615243497305,
    "forget_truth_ratio": 0.4701942214094317,
    "mia_loss": 0.99928125,
    "mia_min_k": 0.9992875,
    "mia_min_k_plus_plus": 0.9969375,
    "mia_zlib": 0.9995624999999999,
    "model_utility": 0.6218736558964362
}