{
    "extraction_strength": 0.21539682539682545,
    "forget_knowmem_ROUGE": 0.5683457780016977,
    "forget_verbmem_ROUGE": 0.470000476925781,
    "privleak": -99.8740553946528,
    "retain_knowmem_ROUGE": 0.45605359657478056
}