{
    "exact_memorization": 0.9704960080981254,
    "extraction_strength": 0.5825351235556948,
    "forget_Q_A_PARA_Prob": 0.050305693611153404,
    "forget_Q_A_gibberish": 0.7982410722831265,
    "forget_truth_ratio": 0.4371807065140941,
    "mia_loss": 0.9976562499999999,
    "mia_min_k": 0.9977125,
    "mia_min_k_plus_plus": 0.9496625,
    "mia_zlib": 0.9980000000000001,
    "model_utility": 0.566052937260741
}