{
    "forget_knowmem_ROUGE": 0.577141751437417,
    "forget_verbmem_ROUGE": 0.39508259235316623,
    "retain_knowmem_ROUGE": 0.5245932692505358
}