{
    "exact_memorization": 0.9470726841688156,
    "extraction_strength": 0.7530704787120116,
    "forget_Q_A_PARA_Prob": 0.15390318139921874,
    "forget_Q_A_gibberish": 0.9598208171688021,
    "forget_truth_ratio": 0.5388020147512683,
    "mia_loss": 0.99709375,
    "mia_min_k": 0.9971125000000001,
    "mia_min_k_plus_plus": 0.99639375,
    "mia_zlib": 0.99533125,
    "model_utility": 0.45131140581155393
}