{
    "forget_knowmem_ROUGE": 0.3132384006572647,
    "forget_verbmem_ROUGE": 0.19451355417942698,
    "retain_knowmem_ROUGE": 0.3868556963033676
}