{
    "exact_memorization": 0.9697771123051644,
    "extraction_strength": 0.8548195319966445,
    "forget_Q_A_PARA_Prob": 0.14248595537152142,
    "forget_Q_A_gibberish": 0.9077580428123474,
    "forget_truth_ratio": 0.5229010211022868,
    "mia_loss": 0.99823125,
    "mia_min_k": 0.9982875,
    "mia_min_k_plus_plus": 0.9984124999999999,
    "mia_zlib": 0.99853125,
    "model_utility": 0.6514699685125187
}