{
    "exact_memorization": 0.03901207949733362,
    "extraction_strength": 0.03250892997513522,
    "forget_Q_A_PARA_Prob": 0.0,
    "forget_Q_A_gibberish": 0.03807162538170814,
    "forget_truth_ratio": 5.2301992260437586e-45,
    "mia_loss": 0.4972875,
    "mia_min_k": 0.5648031250000001,
    "mia_min_k_plus_plus": 0.5648031250000001,
    "mia_zlib": 0.37036874999999997,
    "model_utility": 0.0
}