{
    "exact_memorization": 0.88985017567873,
    "extraction_strength": 0.47378833211358135,
    "forget_Q_A_PARA_Prob": 0.1529714616201818,
    "forget_Q_A_gibberish": 0.9723437398672103,
    "forget_truth_ratio": 0.5689231380211711,
    "mia_loss": 0.9889125,
    "mia_min_k": 0.9898250000000001,
    "mia_min_k_plus_plus": 0.9890625000000001,
    "mia_zlib": 0.970575,
    "model_utility": 0.026021729963119758
}