{
    "exact_memorization": 0.9883698982000351,
    "extraction_strength": 0.8013052325369676,
    "forget_Q_A_PARA_Prob": 0.05959630993660539,
    "forget_Q_A_gibberish": 0.813833668139996,
    "forget_truth_ratio": 0.45572922289260875,
    "mia_loss": 0.99866875,
    "mia_min_k": 0.9986875,
    "mia_min_k_plus_plus": 0.9794062500000001,
    "mia_zlib": 0.99910625,
    "model_utility": 0.6073277661587679
}