{
    "exact_memorization": 0.1320362453442067,
    "extraction_strength": 0.032885976563119305,
    "forget_Q_A_PARA_Prob": 7.38938241075592e-08,
    "forget_Q_A_gibberish": 0.03673798219300806,
    "forget_truth_ratio": 0.2361595870918436,
    "mia_loss": 0.63995,
    "mia_min_k": 0.6561374999999999,
    "mia_min_k_plus_plus": 0.50316875,
    "mia_zlib": 0.448075,
    "model_utility": 0.0
}