{
    "exact_memorization": 0.03901207949733362,
    "extraction_strength": 0.03250892997513522,
    "forget_Q_A_PARA_Prob": 1.2261361562842149e-46,
    "forget_Q_A_gibberish": 0.03807162538170814,
    "forget_truth_ratio": 1.4577292575711177e-36,
    "mia_loss": 0.49631250000000005,
    "mia_min_k": 0.57905,
    "mia_min_k_plus_plus": 0.57905,
    "mia_zlib": 0.37033125,
    "model_utility": 0.0
}