{
    "exact_memorization": 0.9954341208934784,
    "extraction_strength": 0.9638919932445296,
    "forget_Q_A_PARA_Prob": 0.1194943105825223,
    "forget_Q_A_gibberish": 0.8626724680326879,
    "forget_truth_ratio": 0.5032616205462057,
    "mia_loss": 0.99865625,
    "mia_min_k": 0.9986875000000001,
    "mia_min_k_plus_plus": 0.9995,
    "mia_zlib": 0.9994812499999999,
    "model_utility": 0.6648529212832228
}