{
    "exact_memorization": 0.9354404073953628,
    "extraction_strength": 0.7007204474348054,
    "forget_Q_A_PARA_Prob": 0.15475049267522992,
    "forget_Q_A_gibberish": 0.9659948824346065,
    "forget_truth_ratio": 0.543863915411513,
    "mia_loss": 0.9965999999999999,
    "mia_min_k": 0.99676875,
    "mia_min_k_plus_plus": 0.99581875,
    "mia_zlib": 0.99300625,
    "model_utility": 0.17524362509786445
}