{
    "exact_memorization": 0.5293767881393433,
    "extraction_strength": 0.03353749497738443,
    "forget_Q_A_PARA_Prob": 0.015731608456917456,
    "forget_Q_A_gibberish": 0.8618037771258968,
    "forget_truth_ratio": 0.5524205128929336,
    "mia_loss": 0.70985625,
    "mia_min_k": 0.7317624999999999,
    "mia_min_k_plus_plus": 0.52243125,
    "mia_zlib": 0.55461875,
    "model_utility": 0.2719474656901783
}