{
    "exact_memorization": 0.9983392949402332,
    "extraction_strength": 0.9789440160652491,
    "forget_Q_A_PARA_Prob": 0.07313453241949901,
    "forget_Q_A_gibberish": 0.8634927380643785,
    "forget_truth_ratio": 0.4775378150327619,
    "mia_loss": 0.99941875,
    "mia_min_k": 0.99943125,
    "mia_min_k_plus_plus": 0.99888125,
    "mia_zlib": 0.99975,
    "model_utility": 0.6276257327946084
}