{
    "exact_memorization": 0.9952674540877342,
    "extraction_strength": 0.951323881262286,
    "forget_Q_A_PARA_Prob": 0.07799971753847786,
    "forget_Q_A_gibberish": 0.8638982351496816,
    "forget_truth_ratio": 0.4729668318504106,
    "mia_loss": 0.99883125,
    "mia_min_k": 0.9988499999999999,
    "mia_min_k_plus_plus": 0.9920312499999999,
    "mia_zlib": 0.9983937500000001,
    "model_utility": 0.6278325207923346
}