{
    "exact_memorization": 0.9979477855563164,
    "extraction_strength": 0.9722858753377345,
    "forget_Q_A_PARA_Prob": 0.09644084914587438,
    "forget_Q_A_gibberish": 0.8641224188171327,
    "forget_truth_ratio": 0.4899735783415435,
    "mia_loss": 0.99865,
    "mia_min_k": 0.9986875000000001,
    "mia_min_k_plus_plus": 0.9992875,
    "mia_zlib": 0.99945625,
    "model_utility": 0.6467392790836327
}