{
    "forget_knowmem_ROUGE": 0.35650895183248116,
    "forget_verbmem_ROUGE": 0.22526425129849847,
    "retain_knowmem_ROUGE": 0.42506607363225013
}