{
    "exact_memorization": 0.9751111800968647,
    "extraction_strength": 0.7649900718669681,
    "forget_Q_A_PARA_Prob": 0.06502499875961804,
    "forget_Q_A_gibberish": 0.8801252502761782,
    "forget_truth_ratio": 0.4690224699907708,
    "mia_loss": 0.9773312500000001,
    "mia_min_k": 0.9758125000000001,
    "mia_min_k_plus_plus": 0.90276875,
    "mia_zlib": 0.9650000000000001,
    "model_utility": 0.6191431137788626
}