{
    "exact_memorization": 0.9866565419733524,
    "extraction_strength": 0.857900376649176,
    "forget_Q_A_PARA_Prob": 0.09112964955857024,
    "forget_Q_A_gibberish": 0.8741981110721827,
    "forget_truth_ratio": 0.47231859757668493,
    "mia_loss": 0.99658125,
    "mia_min_k": 0.996475,
    "mia_min_k_plus_plus": 0.9653562500000001,
    "mia_zlib": 0.9917,
    "model_utility": 0.6303737281171757
}