{
    "exact_memorization": 0.3809328282997012,
    "extraction_strength": 0.03270123766744291,
    "forget_Q_A_PARA_Prob": 0.004629648268146411,
    "forget_Q_A_gibberish": 0.6032345600530971,
    "forget_truth_ratio": 0.5801876146525147,
    "mia_loss": 0.56675,
    "mia_min_k": 0.5793125,
    "mia_min_k_plus_plus": 0.54765,
    "mia_zlib": 0.44108125,
    "model_utility": 0.08151428532947994
}