{
    "exact_memorization": 0.9952499322593212,
    "extraction_strength": 0.9605183809856277,
    "forget_Q_A_PARA_Prob": 0.11939133126288652,
    "forget_Q_A_gibberish": 0.8662688436359167,
    "forget_truth_ratio": 0.5033219001692351,
    "mia_loss": 0.9986875000000001,
    "mia_min_k": 0.99870625,
    "mia_min_k_plus_plus": 0.9995,
    "mia_zlib": 0.9994625,
    "model_utility": 0.6654013701085488
}