{
    "exact_memorization": 0.40309231236577037,
    "extraction_strength": 0.03270123766744291,
    "forget_Q_A_PARA_Prob": 0.006178018802092993,
    "forget_Q_A_gibberish": 0.6614655601764389,
    "forget_truth_ratio": 0.5778294998744328,
    "mia_loss": 0.586225,
    "mia_min_k": 0.602,
    "mia_min_k_plus_plus": 0.54655625,
    "mia_zlib": 0.45240625,
    "model_utility": 0.11130512453344062
}