{
    "exact_memorization": 0.9980681857466698,
    "extraction_strength": 0.9753459402727995,
    "forget_Q_A_PARA_Prob": 0.09105799562530592,
    "forget_Q_A_gibberish": 0.864070777501911,
    "forget_truth_ratio": 0.4867651817362501,
    "mia_loss": 0.9988312500000001,
    "mia_min_k": 0.99885,
    "mia_min_k_plus_plus": 0.99921875,
    "mia_zlib": 0.9995125,
    "model_utility": 0.6410847451664972
}