{
    "exact_memorization": 0.8205435518920422,
    "extraction_strength": 0.2032710780607729,
    "forget_Q_A_PARA_Prob": 0.005715727689740788,
    "forget_Q_A_gibberish": 0.8231369370802714,
    "forget_truth_ratio": 0.39513844668308606,
    "mia_loss": 0.87339375,
    "mia_min_k": 0.8671812499999999,
    "mia_min_k_plus_plus": 0.58151875,
    "mia_zlib": 0.8259125,
    "model_utility": 0.4624134817902923
}