{
    "exact_memorization": 0.9985760247707367,
    "extraction_strength": 0.9803354651179884,
    "forget_Q_A_PARA_Prob": 0.06336447717389092,
    "forget_Q_A_gibberish": 0.8642701912485063,
    "forget_truth_ratio": 0.47591699586261443,
    "mia_loss": 0.9995624999999999,
    "mia_min_k": 0.99956875,
    "mia_min_k_plus_plus": 0.9987375000000001,
    "mia_zlib": 0.9997875,
    "model_utility": 0.6349123292860522
}