{
    "exact_memorization": 0.5035948697477579,
    "extraction_strength": 0.0335884689843081,
    "forget_Q_A_PARA_Prob": 0.009389230706219678,
    "forget_Q_A_gibberish": 0.8767425231507514,
    "forget_truth_ratio": 0.5474517976362854,
    "mia_loss": 0.60195,
    "mia_min_k": 0.60669375,
    "mia_min_k_plus_plus": 0.51983125,
    "mia_zlib": 0.48828125,
    "model_utility": 0.2113695161013076
}