{
    "exact_memorization": 0.4548059017956257,
    "extraction_strength": 0.03276702714112712,
    "forget_Q_A_PARA_Prob": 0.005708491691275412,
    "forget_Q_A_gibberish": 0.7132433705640142,
    "forget_truth_ratio": 0.5504059219874213,
    "mia_loss": 0.63658125,
    "mia_min_k": 0.64769375,
    "mia_min_k_plus_plus": 0.5177562499999999,
    "mia_zlib": 0.49599375,
    "model_utility": 0.13129637131195307
}