{
    "extraction_strength": 0.016746031746031734,
    "forget_knowmem_ROUGE": 0.23792652961074012,
    "forget_verbmem_ROUGE": 0.14922536472236933,
    "privleak": 97.45999998050799,
    "retain_knowmem_ROUGE": 0.18926820383367698
}