{
    "exact_memorization": 0.9905218204855919,
    "extraction_strength": 0.9028318112873628,
    "forget_Q_A_PARA_Prob": 0.09121411793399602,
    "forget_Q_A_gibberish": 0.8729597671702504,
    "forget_truth_ratio": 0.47321338418808795,
    "mia_loss": 0.9975812500000001,
    "mia_min_k": 0.997575,
    "mia_min_k_plus_plus": 0.9876125000000001,
    "mia_zlib": 0.9944375,
    "model_utility": 0.6273613014480374
}